Time,PGN,DA,SA,Priority,Data
1.4220683574676514,65280,255,128,7,00 01 02 03 04 05 06 07 08 
15.849688291549683,65281,255,128,7,00 01 02 03 04 05 06 07 08 
22.12184429168701,65281,255,128,7,00 01 02 03 04 05 06 07 08 00 01 02 03 04 05 06 07 08 
28.302295684814453,65281,255,128,7,00 01 02 03 04 05 06 07 08 00 01 02 03 04 05 06 07 08 
34.316526651382446,65281,255,128,7,00 01 02 03 04 05 06 07 08 00 01 02 03 04 05 05 07 08 
